{"cameraMode":{"drawMode":0,"name":"Shaded","section":"Shading Mode"},"sceneLighting":true,"audioPlay":false,"sceneViewState":{"showFog":true,"showMaterialUpdate":false,"showSkybox":true,"showFlares":true,"showImageEffects":true,"showParticleSystems":true},"in2DMode":false,"pivot":{"x":509.9519958496094,"y":388.35198974609377,"z":-113.89999389648438},"rotation":{"x":-0.03449307754635811,"y":-0.0014990647323429585,"z":-0.000051717026508413255,"w":0.9994040727615356},"size":2124.89501953125,"orthographic":false}