{"cameraMode":{"drawMode":0,"name":"Shaded","section":"Shading Mode"},"sceneLighting":true,"audioPlay":false,"sceneViewState":{"showFog":true,"showMaterialUpdate":false,"showSkybox":true,"showFlares":true,"showImageEffects":true,"showParticleSystems":true},"in2DMode":false,"pivot":{"x":506.0124816894531,"y":412.2113037109375,"z":0.501822292804718},"rotation":{"x":0.028489112854003907,"y":0.022488530725240709,"z":-0.000641393184196204,"w":0.9993434548377991},"size":749.9882202148438,"orthographic":false}